id,full_name,phone,address,lat,lng,created_at,updated_at
0073ed06-b509-4db4-a27d-e79af242fece,น.ส.ทิมพ์นิภา แซ่ท้าว,,9/1 หมู่ 5ต.นาโบสถ์ อ.วังเจ้า จ.ตาก,,,2025-12-02 02:10:30.789672+00,2025-12-02 02:10:30.789672+00
016997d9-3c90-402b-bd12-73465b7dd030,น้ำฝน นาตาล,****3811,116/1 ม.1 ต.นาโบสถ์ อ.วังเจ้า จ.ตาก,16.699962,99.179445,2025-11-29 04:35:53.293276+00,2025-11-29 04:35:53.293276+00
01a50b0f-21d5-472f-9196-65d909049e44,คหบดี ทวีทรัพย์ล้ำเลิศ,0925340151,123 ม.5ต.นาโบสถ์,16.694141,99.159448,2025-12-02 02:00:29.513052+00,2025-12-02 02:00:29.513052+00
05a70d6e-6475-47ee-86cf-9207578caee8,พจน์ แซ่ท้าว,,7/8 ม.5ต.นาโบสถ์ อ.วังเจ้า จ.ตาก,16.69185,99.161892,2025-12-01 02:36:55.346468+00,2025-12-01 02:36:55.346468+00
063170ef-54bd-408e-83f3-5beda7be5b90,น.ส. น้ำฝน ก่อสูงสิทธิ์,,7/4 หมู่ 5 ต.นาโบสถ์ อ.วังเจ้า จ.ตาก หลังโรงเรียน,,,2025-12-01 02:53:01.802459+00,2025-12-01 02:53:01.802459+00
08348243-681d-4d79-9c98-97ba84c52329,จารีย์ ทิพานัน,0801031014,78 ม.5 ต.นาโบสถ์ อ.วังเจ้า จ.ตาก,16.695437,99.157014,2025-11-30 04:31:50.208568+00,2025-11-30 04:31:50.208568+00
0863df27-e36a-42b4-95d7-6d01134b3f64,มุกดา เขียวเหลือง,200,264 ม.1 นาโบสถ์ อ.วังเจ้า จ.ตาก,,,2025-11-29 04:35:55.624663+00,2025-11-29 04:35:55.624663+00
091bd916-60f3-4393-aef2-aa9b146fed61,สุชาดา สมบัติรักษา,0979653890,637 หมู่ 4 ต.นาโบสถ์ วังเจ้า ตาก,16.680851,99.154557,2025-12-02 03:02:21.984456+00,2025-12-02 03:02:21.984456+00
0abec16d-ec4c-4682-a51e-3aa3b3b736b7,พับพลึง พึ่งขจร,,บ้านเลขที่ 256 หมู่ 4 ตำบลนาโบสถ์ อำเภอวังเจ้า จังหวัดตาก บ้านวังทอง,16.682601,99.159968,2025-12-01 02:58:13.156316+00,2025-12-01 02:58:13.156316+00
0af6bd90-d58c-4073-83f7-15c0c4621aab,พิมพ์วิภา จันทร์เล็ง,,61/4 หมู่ 10 ต.เชียงทอง 2 ร้านค้าท้ายหมู่บ้าน วังเจ้า จ.ตาก,,,2025-12-02 02:08:02.215645+00,2025-12-02 02:08:02.215645+00
0c6c2a4c-d9d0-4371-ad63-c68ac7640ee5,จิราภา,0819484355,นาโบสถ์ที่ บ้านเลขที่ 78/1 ม.5  ต.วังเจ้า จ.ตาก,,,2025-12-01 02:43:30.696803+00,2025-12-01 02:43:30.696803+00
0dc715ae-94cd-4183-b2d4-9c8100af548b,ก๊ะ,0808506936,608/1 ม.4 ต.นาโบสถ์ อ.วังเจ้า จ. ตาก,16.679779,99.157592,2025-12-01 02:54:18.231084+00,2025-12-01 02:54:18.231084+00
0f0b9d36-be4a-457d-92ac-07c0c00eb927,ศันศนีย์ แสงม้า,0806745437,75/1 หมู่5 ต.นาโบกส์ อ.วังเจ้า จ.ฉาก,16.697987,99.159282,2025-12-02 10:18:58.473099+00,2025-12-02 10:18:58.473099+00
10f5f0d8-4946-44c4-9f45-468932c8411f,จํารส,,"393 ม.4 ซอย 5 นาโบสถ์ วังเจ้า, ตาก",,,2025-12-01 01:39:08.172653+00,2025-12-01 01:39:08.172653+00
161b06a7-5b69-4318-84a0-0a137e9bee18,มยุรัตน์,****6389,220/1 หมู่1 ต.นาโบสถ์ อ.วังเจ้า จ.ตาก,,,2025-11-29 04:35:52.353473+00,2025-11-29 04:35:52.353473+00
16bb049a-5d4f-4c7f-bf13-062df8e237da,Yhing•§•,0828690283,40/1 หมู่5 บ้านวังตำลึง หลังโรงเรียน ต.นาโบสถ์ อ.วังเจ้า จ.ตาก,16.6960133,99.1577083,2025-11-30 04:31:48.17149+00,2025-11-30 04:31:48.17149+00
174431b0-1339-45f8-b665-2136d5dcaed7,รุจิรา ทวีทรัพย์ล้ำเลิศ,0929681827,41 หมู่5 บ้านวังตำลึง ต.นาโบสถ์ อ.วังเจ้า จ.ตาก,16.693695,99.1591117,2025-11-30 04:31:45.670815+00,2025-11-30 04:31:45.670815+00
1a404c6d-6110-45db-9d2b-82b366d55274,สุรีรัตน์ แซ่ย่าง,0932141296,78/1 ม.5 ต.นาโบสถ์ อ.วังเจ้า จ.ตาก 63180,16.700685,99.1579133,2025-11-30 04:31:45.818734+00,2025-11-30 04:31:45.818734+00
1dd15b16-a276-4c63-9b73-51a21b5b933c,สมศรี แซ่เฮ่อ,,619 หมู่ 4 นาโบสถ์ วังเจ้า ตาก,,,2025-12-02 03:03:51.197804+00,2025-12-02 03:03:51.197804+00
1e0bc71f-f79f-4fc0-bced-c8b770888d08,ไชยสิทธิ์ ปานสีทอง,1656,221 ม.1 ต.นาโบสถ์ อ.วังเจ้า จ.ตาก วังเจ้า ตาก,16.6783367,99.26559,2025-11-29 04:20:22.450206+00,2025-11-29 04:20:22.450206+00
1f48b20f-f362-4093-8c54-a87c452f1405,ยิ้ม,7664,120 หมู่1 ต.นาโบสถ์ อ.เมือง จ.ตาก,,,2025-11-29 04:35:53.937872+00,2025-11-29 04:35:53.937872+00
1f7bb3f4-c573-42e6-a437-12aeb33c4b73,ลลิตา,0811560315,74 หมู่5 บ้านวังตำลึง ต.นาโบสถ์ อ.วังเจ้า จ.ตาก,16.693509,99.158448,2025-11-30 04:31:53.066313+00,2025-11-30 04:31:53.066313+00
1ff0a02e-70df-4118-b662-1d50c47cefe2,จิรัชญา,0887526805,หมู่บ้านวังทอง 612 ม.4 ต.โบสถ์,16.6815583,99.154315,2025-12-02 02:58:11.017062+00,2025-12-02 02:58:11.017062+00
21660026-33a5-4f50-8388-a6e56d754f38,บร้าปา ท้าวอรุณ,0844957840,43 ม.5 ตำบลนาโบสถ์ อำเภอวังเจ้า จังหวัดตาก 63180,16.693899,99.159977,2025-12-02 02:02:07.828394+00,2025-12-02 02:02:07.828394+00
21ffc183-efd3-4898-8499-27b9925b2379,ตองเงิน ใจกา,****5630ก,72/2 ม.1 บ้านใหม่ลาดยาว ต.นาโบสถ์ อ.วังเจ้า จ.ตาก,,,2025-11-29 04:35:57.101505+00,2025-11-29 04:35:57.101505+00
22634a13-8021-4cdf-a0a5-338e7876ff2f,ยายสน,4066,78/14 ม.1 ตำบล นาโบสถ์ อำเภอวังเจ้า จังหวัด ตาก,16.6783367,99.26559,2025-11-29 04:14:15.171015+00,2025-11-29 04:14:15.171015+00
23e9a53d-54c8-43f9-b064-6b25188ac326,ก๊าเบ้า,,ที่อยู่ 682 หมู่ 4 นาโบสถ์,16.6850822,99.1609575,2025-12-01 02:58:58.393487+00,2025-12-01 02:58:58.393487+00
24074702-754c-4fe1-a398-f628ab632472,หญิง แซ่มัว,0809263920,162 ม.5 ต.นาโบสถ์ อ.วังเจ้า จ.ตาก,16.6982233,99.1583333,2025-11-30 04:31:45.949641+00,2025-11-30 04:31:45.949641+00
250ac616-281d-4a4b-9621-01fe65960dfe,เมวดี ทวีทรัพย์ล้ำเลิศ,,"22 หมู่5 ตำบลนาโบสถ์ อ.วังเจ้า จ.ตาก, วังเ จา, ตาก, 63180",16.6967146,99.1582491,2025-12-01 01:37:40.078068+00,2025-12-01 01:37:40.078068+00
26641d85-f04e-4f48-81b0-5959dffce4a0,ดอกฝ้าย รักชาติ,,145 หมู่ 5 ตำบล นาโบสถ์  วังเจ้า จังหวัด ตาก,16.69773,99.159236,2025-12-01 02:36:19.751934+00,2025-12-01 02:36:19.751934+00
2664c24f-be37-41a0-9754-4428fc4a78cf,ดลภัทร อยู่ใจ,*06160028,282 ม.1 ต.นาโบสถ์ อ.วังเจ้า จ.ตาก,16.702175,99.1665,2025-11-29 04:35:53.513969+00,2025-11-29 04:35:53.513969+00
268a8c38-f438-4672-807b-d73f7e3d900d,user91600726938,0615508645,วังตำลึง ต.นาโบสถ์ อ.วังเจ้า จ.ตาก,,,2025-11-30 04:31:54.049528+00,2025-11-30 04:31:54.049528+00
271ffd93-6072-4b6f-bf9b-e39c69ea5e18,วรพล ทรงโชติศุภสิน,0635143154,578/3 หมู่ 4 วังทอง ต.นาโบสถ์ วังเจ้า ตาก,16.681897,99.153867,2025-12-02 03:05:24.01266+00,2025-12-02 03:05:24.01266+00
2803f164-a840-4834-9ce2-89016f7cb7ca,พิน,,"10/1ม.5ต.นาโบสถ์ (หลังโรงเรียนบ้านวังตำลึง) วังเจ้า, ตาก, 63180",,,2025-12-02 02:04:13.03714+00,2025-12-02 02:04:13.03714+00
280fb94b-952d-4e89-8cb6-705aaa428e64,กรรณิกา,,7/2 ม.5ต.นาโบสถ์,16.695798,99.160378,2025-12-01 02:34:39.445463+00,2025-12-01 02:34:39.445463+00
2b52be43-9cc5-4026-b44b-5e68bc59a83f,ชนะชล กุลปรียา,****1045,60 ม.5 ต.นาโบสถ์ อ.วังเจ้า จ.ตาก,16.69471,99.1591617,2025-11-30 04:31:53.566445+00,2025-11-30 04:31:53.566445+00
2b593ec6-17af-4260-9d76-9079af643cc0,ศิริพร,0611380393,11/2 หมู่5 ต.นาโบสถ์ อ.วังเจ้า จ.ตาก,16.694869,99.159816,2025-11-30 04:31:52.324939+00,2025-11-30 04:31:52.324939+00
2d8a5011-135e-483b-8723-e4d5076b7dc6,ม้ง.แซ่ท้อ,,7/1ม5ต.นาโบสท์.อ.วังเจ้า.จ.ตาก นาโบสท์/วังเจ้า/ตาก,16.696787,99.157522,2025-12-01 02:55:14.219845+00,2025-12-01 02:55:14.219845+00
2e0513a4-3e49-4a40-acbe-a1db87be9a9c,นางสาว ปวันรัตน์ อัศวชัยภัทร,,ม.5 นาโบสถ์,,,2025-12-01 02:46:04.737226+00,2025-12-01 02:46:04.737226+00
30d737b3-ed29-4240-9450-5a86d7aaaf99,ปิยะวัฒน์,0611188170,บ้านวังตำลึง ต.นาโบสถ์ อ.วังเจ้า จ.ตาก,16.691542,99.161943,2025-11-30 04:31:52.939076+00,2025-11-30 04:31:52.939076+00
310639c6-e6b3-444f-ab88-2d490378c5fc,จิระศักดิ์ แยบภายคำ,0936950638,20/3 หมู่5 ต.นาโบสถ์ อ.วังเจ้า จ.ตาก,16.696255,99.161402,2025-11-30 04:31:51.406448+00,2025-11-30 04:31:51.406448+00
32451e9d-b7bc-424b-85d2-43840247748f,สุ ไทรงาม,0829038482,561/8 ม.4 ต.นาโบสถ์อวังเจ้า จ.ตาก,16.679914,99.156107,2025-12-02 03:01:40.327226+00,2025-12-02 03:01:40.327226+00
32ed1693-88d6-4f91-8e3c-9d4df2b60de6,เชีย แซ่ว่าง,****0788,43 ม.5 ต.นาโบสถ์ อ.วังเจ้า จ.ตาก 63180,16.697025,99.1633933,2025-11-30 04:31:44.523368+00,2025-11-30 04:31:44.523368+00
33a6fadd-c4ed-4d94-8729-ab84695d1fda,วรดา มีสุขรุ่งโรจน์,,120 หมู่ 5 ตำบลนาโบสถ์ วังเจ้า ตาก,16.6974738,99.1579099,2025-12-02 02:16:20.945151+00,2025-12-02 02:16:20.945151+00
34018859-e57f-48da-90db-83094848acad,พิณนภา,,"34 หมู่ 5 บ้านวังตำลึง นาโบสถ์ วังเจ้า , ตาก",16.693705,99.15923,2025-12-02 02:05:06.300305+00,2025-12-02 02:05:06.300305+00
37b1a6f6-d5ed-4867-ba9d-767378a489c7,รุ่งนภา อยู่เรือง,7704,185 ม.1 ต.นาโบสถ์ บ้าน 3 หลัง วังเจ้า ตาก,16.699623,99.163143,2025-11-29 04:12:19.991924+00,2025-11-29 04:12:19.991924+00
385a3ca1-ea48-4c6f-a92a-325dae3e7495,พิมผกา ดีธนากุล,0937818140,10/1 หมู่5 บ้านวังตำลึง ต.นาโบสถ์ อ.วังเจ้า จ.ตาก,16.697368,99.158744,2025-11-30 04:31:49.762239+00,2025-11-30 04:31:49.762239+00
393c23ec-8115-47c7-85d9-9877465e2f52,เกวลิน แซ่ย่าง,,19/9 ม. 5.นาโบสถ์ วังเจ้า ดาก,,,2025-12-02 02:53:58.175856+00,2025-12-02 02:53:58.175856+00
3a45ec73-d9f6-465c-a4c4-acf784753f57,สุภา อุไรรุ่งโรจน์,,135 ม.5 ต.นาโบสถ์ อ.วัง เจ้า. จ.ตาก 63180,16.6979659,99.1635678,2025-12-01 02:39:03.973235+00,2025-12-01 02:39:03.973235+00
3b6cd742-6624-4c0e-a979-e7bdd1195644,เสาวณิต เจริญศิรินุกุล,0984693873,161 ม.5 ต.นาโบสถ์ อ.วังเจ้า จ.ตาก,16.696553,99.163646,2025-11-30 04:31:45.265895+00,2025-11-30 04:31:45.265895+00
3b99bd3f-35c1-4765-84ee-ec0e86f90a9f,ทิพย์ภานุช,****7146,9/3 ม.5 ต.นาโบสถ์ อ.วังเจ้า จ.ตาก,16.69677,99.157857,2025-11-30 04:31:46.28411+00,2025-11-30 04:31:46.28411+00
3f0830ea-4223-47ca-86ec-61d6a4466a1e,วัชรพงษ์ ไชยดา,****5388,37/1 ม.1 บ้านลาดยาว ต.นาโบสถ์ อ.วังเจ้า จ.ตาก,,,2025-11-29 04:35:55.815925+00,2025-11-29 04:35:55.815925+00
3f418f0b-a5a3-44c0-b98b-3cfbc7b07864,Anurak Innoi,887,หน้าวัดลาดยาวทางลัดไปหนองปลาไหล ตำบ ลนาโบส์ถ อำเภอวังเจ้า จังหวัดตาก 63180,16.702138,99.180351,2025-11-29 07:38:56.121932+00,2025-11-29 07:38:56.121932+00
44fca2a2-a9d6-4d1b-9900-583513fcb5ab,นฤมล,0980951669,34/1 หมู่5 ต.นาโบสถ์ อ.วังเจ้า จ.ตาก,16.697722,99.158954,2025-11-30 04:31:47.615612+00,2025-11-30 04:31:47.615612+00
46f46127-1152-4d35-b08d-be5df61bc260,เบญญา ก้าวทองแท้,0654570949,ตำบล นาโบสถ์ บ้านเลขที่ 145 วังเจ้าตาก,16.69772,99.159268,2025-12-01 02:40:48.739907+00,2025-12-01 02:40:48.739907+00
475da3e9-8ee7-42c5-9bd5-ffa0ba211dbf,ผักหวานสเลอปี้,,153 หมู่ 5 ตำบลนาโบสถ์ อำเภอวังเจ้า ตาก,,,2025-12-01 02:32:48.592139+00,2025-12-01 02:32:48.592139+00
47dc1a05-a7bf-4d6f-95e9-84dad5860b6d,น.ส. เชงแซ่ลี,0649962640,10/1 หมู่5 บ้านวังตำลึง ต.นาโบสถ์ อ.วังเจ้า จ.ตาก,16.6973134,99.1587386,2025-11-30 04:31:48.530898+00,2025-11-30 04:31:48.530898+00
4ce824d7-b702-413b-ae5a-a047a71fb29c,ณิชารีย์ กุลปริญา,****0587,60 หมู่5 ต.นาโบสถ์ อ.วังเจ้า จ.ตาก,16.6943233,99.1587567,2025-11-30 04:31:51.015115+00,2025-11-30 04:31:51.015115+00
4dbb9b91-49e7-4936-81a7-5a42f41ff754,นาย โกศัลย์ แซ่ท้าว,0630658355,40/1 ม.5 ต.นาโบสถ์ อ.วังเจ้า จ.ตาก,16.696147,99.157807,2025-11-30 04:31:47.791473+00,2025-11-30 04:31:47.791473+00
4e0cdf14-a35d-433f-b74f-e66be8598f6c,จันทร์เพ็ญ แซ่หว้า,0923138359,574 หมู่ 4 ต.นาโบสถ์,16.6817867,99.154305,2025-12-02 03:21:50.977453+00,2025-12-02 03:21:50.977453+00
4e2d5fe9-aa0c-4041-90b7-e9e958550561,อนุสรา แก้วพันธ์,,นาโบสถ์,,,2025-12-02 02:13:46.154015+00,2025-12-02 02:13:46.154015+00
4ecf43aa-9b12-4637-af71-9f6c23d26a50,ประกาพร พัฒนสมพงษ์,,โรงเรียนบ้านวังตำลึง หมู่5 ต.นาโบสถ์ วังเจ้า ตาก 63180,,,2025-12-01 02:44:11.21161+00,2025-12-01 02:44:11.21161+00
4f61e4d4-1570-47a2-af8b-2a8e827afd23,มนเทียร ชาวบานขวาง,****3676,22/1 หมู่1 ต.นาโบสถ์ อ.วังเจ้า จ.ตาก,,,2025-11-29 04:35:54.578745+00,2025-11-29 04:35:54.578745+00
5002fb32-83ab-4a1b-96b0-ce835f56c707,พระณัฐพล ปัญญาว...,4749,299/หมู่1/ต.นาโบสถ์/อ.วังเจ้า/จ.ตาก เมืองตาก ตาก,16.703101,99.178362,2025-11-29 04:16:46.563707+00,2025-11-29 04:16:46.563707+00
50bbdaf0-3c46-4809-b60f-ff649cf430c1,รัตนาพร,0952175056,องค์การบริหารส่วนตำบลนาโบสถ์ ต.นาโบสถ์ อ.วังเจ้า จ.ตาก,,,2025-11-30 04:31:53.794886+00,2025-11-30 04:31:53.794886+00
51225b70-7f4f-4d72-8fe7-3c54d64a2079,ญาณิศา ทวีทรัพย์ล้ำเลิศ,,123 ม.5 ต.นาโบสถ์ วังเจ้า ตาก,16.694141,99.159448,2025-12-02 02:14:52.757721+00,2025-12-02 02:14:52.757721+00
54ad9e3c-7d47-484f-8036-fdec0eddce6b,ณี แซ่ลี,****6190,อำเภอเมืองตาก จ.ตาก,,,2025-11-30 04:31:54.30113+00,2025-11-30 04:31:54.30113+00
5529d79f-5f37-44ba-8c9f-d269863f6904,โสรญา ราชมี,****9344,141/1 หมู่1 บ้านลาดยาว ต.นาโบสถ์ อ.วังเจ้า จ.ตาก,,,2025-11-29 04:35:51.483478+00,2025-11-29 04:35:51.483478+00
55e60a5f-9d85-4c0c-93da-430fe2ea4fcc,sunisa,0625869906,อ.วังเจ้า จ.ตาก หมู่ 4 บ้านเลขที่ 582/1 ตำบลนาโบสถ์,16.680769,99.154121,2025-12-02 03:25:35.478187+00,2025-12-02 03:25:35.478187+00
57a0f58f-2597-4ccc-886f-09573c8d0015,เยียยี่ แซ่โซ้ง,,บ้านเลขที่ 135 หมู่ 5 ตำบลนาโบสถ์,,,2025-12-02 02:52:26.007854+00,2025-12-02 02:52:26.007854+00
5b02ac99-de7e-4171-9a08-67273949d71e,สุธิตา รื่นรวย,4507,9/9ม.1 ต.นาโบสถ์ วังเจ้า ตาก,16.70145,99.169945,2025-11-29 04:15:19.150151+00,2025-11-29 04:15:19.150151+00
5e72be23-2063-410d-b1a7-4f31f0ae56eb,ธัญพร,0615954175,"608/1 ม.4 ต. นาโบสถ์ อ.วังเจ้า จ. ตาก 63180, วังเจ้า, ตาก  ห้องเบอร์8",16.678223,99.146725,2025-12-01 02:57:14.517487+00,2025-12-01 02:57:14.517487+00
5f04290f-11f1-4c68-80e2-a0f2314add31,พรทิพา ท้าวอรุณ,****9891,51 ม.5 ต.นาโบสถ์ อ.วังเจ้า จ.ตาก,16.693879,99.159926,2025-11-30 04:31:52.575469+00,2025-11-30 04:31:52.575469+00
6017e6f2-a1c9-479f-bdef-7b724dd4a6d8,อนุชา ยืนสุข,4170,10/5 หมู่ 1 บ้านลาดยาว เลยสะพานตะเคียนดวน หัวโค้งซ้าย หน้าบ้านมีตู้น้ำมันยอดเหรียญ วังเจ้า ตาก,16.6783367,99.26559,2025-11-29 04:17:17.766292+00,2025-11-29 04:17:17.766292+00
60c06c20-2bc9-4168-88f4-0149353c19ea,ชุติกาญจน์ แซ่ซ่ง,0849963749,636 หมู่ 4 ต.นาโบสถ์ บ้า นอยุท้ายหมู่บ้านวังทอง,16.683661,99.16232,2025-12-02 03:21:00.629727+00,2025-12-02 03:21:00.629727+00
61616cb7-9124-4f84-941d-20b81b1ee3ff,user85069013732733,0631802743,"นางสาวสุนิภา ศิระพรธนารัชต์
8/2 ม.5 บ้านวังตำลึง ต.นาโบสถ์ อ.วังเจ้า จ.ตาก",16.6940388,99.158673,2025-12-01 02:38:25.197994+00,2025-12-01 02:38:25.197994+00
6358e522-51d6-46c5-ae02-c91be1858261,Yam Yan,0932272388,ตลาดนาโบสถ์ ม.4 ต.นาโบสถ์ วังเจ้าตาก,,,2025-12-01 02:33:46.796862+00,2025-12-01 02:33:46.796862+00
67dc3ac2-4219-4153-a8d7-9f2ed0ea4ace,นาเดีย ว่างสุทธิภัทร,0986240831,ต.นาโบสถ์ หมู่ 4 บ้านเลขที่ 593,16.681835,99.154026,2025-12-02 03:11:55.840264+00,2025-12-02 03:11:55.840264+00
6882b983-dbc4-49be-acbd-ba28ec0f72e3,พัชรี,0980921195,131 ม.5 ต.นาโบสถ์ อ.วังเจ้า จ.ตาก,16.69799,99.158201,2025-11-30 04:31:46.566666+00,2025-11-30 04:31:46.566666+00
68e0de8d-03e9-4845-b731-f7f45cc54243,คอ ทวีทรัพย์ล้ำเลิศ,0930456631,123 ม.5 ต.นาโบสถ์ อ.วังเจ้า จ.ตาก,16.694167,99.159433,2025-11-30 04:31:53.441534+00,2025-11-30 04:31:53.441534+00
6c276ed0-6bcc-4679-a7af-6d21ac50b9b2,ณัชชา,,157 ม.5 ต.นาโบสถ์ อ.วังเจ้า จ.ตาก,,,2025-12-01 02:45:12.655004+00,2025-12-01 02:45:12.655004+00
6ef18491-3caa-4cb6-99b1-8491b7c87dad,กาย กาย,0647845478,118/1 หมู่5 บ้านวังตำลึง ต.นาโบสถ์ อ.วังเจ้า จ.ตาก,16.698109,99.157281,2025-11-30 04:31:46.17057+00,2025-11-30 04:31:46.17057+00
6f89048f-74ce-4e2b-bba0-8965dd8b5e77,ตาม 'ธนาวุฒิ,,85/3 หมู่ 9 ตาม เชียงทอง อ.วังเจ้า จ.ตาก วังเจ้าตาก,,,2025-12-01 01:42:17.679943+00,2025-12-01 01:42:17.679943+00
6f94786f-4f24-4f56-a4f6-d4e0de70a410,สุตาภัทร เมืองโคตร,****4975,255 ม.1 บ้านลาดยาว ต.นาโบสถ์ อ.วังเจ้า จ.ตาก,,,2025-11-29 04:35:51.151398+00,2025-11-29 04:35:51.151398+00
70922a83-545d-480a-8edd-0fbb1d511df5,พรรณอร แซ่ท้าว,0654733234,9/1 หมู่5 บ้านวังตำลึง วังเจ้า ตาก,16.695694,99.160666,2025-11-30 04:31:51.260859+00,2025-11-30 04:31:51.260859+00
7383b263-1ba4-4a84-842a-f08deff71c37,สายชล ทับประเทือง,9647,37ม1ต.นาโบสถ์ อ.วังเจ้า จ.ตาก 60180 วังเจ้า ตาก,16.707224,99.163895,2025-11-29 04:14:48.41416+00,2025-11-29 04:14:48.41416+00
74180ea3-a07b-4fa7-a336-a01cd54238c2,คุน คือ มณีวงศ์รุ่งโรจน์,0979901916,129 หมู่5 บ้านวังตำลึง หลังโรงเรียน ต.นาโบสถ์ อ.วังเจ้า จ.ตาก 63000,16.6974944,99.1573114,2025-11-30 04:31:46.963964+00,2025-11-30 04:31:46.963964+00
777b65af-59e3-407b-ace1-c3a124d117e1,จิณณวัตร,0656719331,22 หมู่5 ต.นาโบสถ์ อ.วังเจ้า จ.ตาก,16.696714,99.158303,2025-11-30 04:31:49.905989+00,2025-11-30 04:31:49.905989+00
7786f71b-4f33-44f3-b801-8416d578dd88,นวลจันทร์ ขอนแก่น,9032,159/1 ม.1 ต.นาโบสถ์ วังเจ้า ตาก,16.702638,99.178005,2025-11-29 04:11:48.264762+00,2025-11-29 04:11:48.264762+00
77fecdb4-dcdb-476f-9a2c-fcad68ee20f8,user36805420411,0801261965,43 หมู่5 บ้านวังตำลึง ต.นาโบสถ์ อ.วังเจ้า จ.ตาก 63180,16.6939433,99.1577683,2025-11-30 04:31:50.608668+00,2025-11-30 04:31:50.608668+00
78c700cd-44ba-4dd8-92ea-b9b86c541f11,ปิยะธิดา วรศิริ,706802,226 หมู่1 ต.นาโบสถ์ อ.วังเจ้า จ.ตาก,16.707309,99.163678,2025-11-29 04:35:52.810718+00,2025-11-29 04:35:52.810718+00
7d9e1284-3f66-48e9-aa7d-4ead1babd79c,usery7gf69hsv4,0611380393,11/2 ม.5 ต.นาโบสถ์ อ.วังเจ้า จ.ตาก,16.694888,99.159857,2025-11-30 04:31:52.465066+00,2025-11-30 04:31:52.465066+00
8025d89b-3332-4967-b954-906373527f66,ยุวดี,0650076590,10 หมู่5 บ้านวังตำลึง ต.นาโบสถ์ อ.วังเจ้า จ.ตาก,16.695478,99.161225,2025-11-30 04:31:51.659963+00,2025-11-30 04:31:51.659963+00
829f4424-05da-46ec-8069-b3b35aad1747,ฒ 'อ เมเม,0656535488,36/1 หมู่ 5 ต.นาโบสถ์ อ.วังเจ้า จ.ตาก,,,2025-12-01 01:40:01.123676+00,2025-12-01 01:40:01.123676+00
82d84900-8dd3-4d60-9bec-d1bb8c7c23fc,นางสาวลัดดาวัลย์ กวินวลัย,0653621136,24 หมู่5 ต.นาโบสถ์ อ.วังเจ้า จ.ตาก,16.69488,99.160438,2025-11-30 04:31:52.186815+00,2025-11-30 04:31:52.186815+00
83127009-b0bd-4e44-85f8-7b09f506c246,กรทอง,0615507732,586/1.. ม.4.. ต.นาโบสถ์ .วังเจ้า ..จ.ตาก ..63180,,,2025-12-02 03:13:34.75815+00,2025-12-02 03:13:34.75815+00
85be4c48-b8a3-4818-8c2f-53d4a87c8b44,เขมิกา แสงท้าว,0634379427,119 หมู่ 5 ต.นาโบสถ์ วังเจ้า จ.ตาก,16.69746,99.15816,2025-12-02 02:09:31.230555+00,2025-12-02 02:09:31.230555+00
85eef662-badd-4b60-9d62-66c72470107c,คำภู คุณหงค์,*24530,90 ม.1 ต.ประดาง อ.วังเจ้า จ.ตาก 63180,16.701907,99.212329,2025-11-29 04:35:54.78256+00,2025-11-29 04:35:54.78256+00
86f1dd6d-4e1c-4d1b-ba00-60311209e16b,พัทธนันท์ อัครรุ่งโจรน์,0654925896,4/2 ม.5 ต.นาโบสถ์ อ.วังเจ้า จ.ตาก,16.695894,99.161652,2025-11-30 04:31:53.319251+00,2025-11-30 04:31:53.319251+00
87e3803c-6c1c-439a-a576-50bddfa2df10,วีรภัทร เซต์วัฒน์โสธร,0616685208,"567 ม.4 ต.นาโบสถ์ อ.วังเจ้า จ.ตาก,ร้านค้าที่ 2",16.681045,99.1567783,2025-12-02 03:18:09.958367+00,2025-12-02 03:18:09.958367+00
88946759-b5cc-40e9-96d5-3d4055f5f204,เมย์,****0389,43 ม.5 ต.นาโบสถ์ อ.วังเจ้า จ.ตาก,16.697025,99.1633933,2025-11-30 04:31:44.209349+00,2025-11-30 04:31:44.209349+00
8b27c2c7-743b-4b32-86c1-e31a350cb2ca,วรรณริสา สอนแก้ว,2962,25 ม.1 ต.นาโบสถ์ อ.วังเจ้า จ.ตาก 63180 วังเจ้า ตาก,16.702165,99.175496,2025-11-29 04:12:51.56712+00,2025-11-29 04:12:51.56712+00
8d758950-ecb0-4b09-bfa2-4a9abc7ad0c0,สุวกาน แสงท้าว,0988990798,60/1 หมู่5 บ้านกลางนาท้าย ต.นาโบสถ์ อ.วังเจ้า จ.ตาก,16.699188,99.160792,2025-11-30 04:31:50.05497+00,2025-11-30 04:31:50.05497+00
8eb793a7-eb74-4e17-af55-2ad853cad1b9,กาญจนา นิลนาค,****4357,65 หมู่1 ต.นาโบสถ์ อ.วังเจ้า จ.ตาก,,,2025-11-29 04:35:56.880707+00,2025-11-29 04:35:56.880707+00
8ec3b275-4508-46d2-8961-6cb9fe204458,ตู๊,,"560 ม.4,นาโบสถ์,วังเจ้า,ตาก",,,2025-12-02 03:12:34.193033+00,2025-12-02 03:12:34.193033+00
8ee7d9d4-0cbf-45d7-9a18-6c11932367bf,วุฒิพร แซ่เฒ่า,,,16.678731,99.149507,2025-12-01 12:56:04.94824+00,2025-12-01 12:56:04.94824+00
8f14134b-b0de-461c-8af9-8d8a9b8cc847,วีรกุล แสงท้าว,,"2ม.5อ.วังเจ้า ต.นาโบสถ์ จ.ตาก วังเจ้า, ตาก",,,2025-12-02 02:05:48.667615+00,2025-12-02 02:05:48.667615+00
91fb4f3e-268f-46a4-948a-ab6a4a424e3f,จันทมณี แซ่ย่าง,0929652863,69/5 ม.5 ต.นาโบสถ์ อ.วังเจ้า จ.ตาก,16.691975,99.161564,2025-11-30 04:31:52.810853+00,2025-11-30 04:31:52.810853+00
94256e22-3192-49e3-80f5-13a460a198da,วาริสา ชัยโยธา,****8837,22 หมู่1 ต.นาโบสถ์ อ.วังเจ้า จ.ตาก,,,2025-11-29 04:35:57.6812+00,2025-11-29 04:35:57.6812+00
94ca4446-523a-4d5b-bfbb-c901f8de563c,สุกัญญา แซ่ลี,0923410387,69/1 หมู่5 ต.นาโบสถ์ อ.วังเจ้า จ.ตาก,16.693641,99.160691,2025-11-30 04:31:52.681893+00,2025-11-30 04:31:52.681893+00
96c5442f-79c6-47d7-b10e-adda093dd57a,วิลาวรรณ,0622870737,12 หมู่5 ต.นาโบสถ์ อ.วังเจ้า จ.ตาก,16.695709,99.160329,2025-11-30 04:31:50.874885+00,2025-11-30 04:31:50.874885+00
983d239d-1121-40f4-872d-50622d8663f0,หมี่,,"630 ห.4 ต.นาโบสถ์, วังเจ้า, ตาก, 63180",,,2025-12-02 03:16:05.522604+00,2025-12-02 03:16:05.522604+00
9b2794df-a836-4c63-b4a7-2d460a0070e1,เครือวัลย์ นวลจันทร์,****1508,59/1 ม.1 บ้านลาดยาว ต.นาโบสถ์ อ.วังเจ้า จ.ตาก,,,2025-11-29 04:35:52.087974+00,2025-11-29 04:35:52.087974+00
9b3fca33-e513-4e74-994f-93948643827f,ประเสริฐ สีใส,****3947,291 ม.1 บ้านคลองยายเฒ่า ต.นาโบสถ์ อ.วังเจ้า จ.ตาก,16.705439,99.165321,2025-11-29 04:35:55.021948+00,2025-11-29 04:35:55.021948+00
9f163067-5dcc-4680-836c-f5c808cae34e,ไปรยา,****4454,101/3 หมู่1 บ้านลาดยาว ต.นาโบสถ์ อ.วังเจ้า จ.ตาก,,,2025-11-29 04:35:56.673652+00,2025-11-29 04:35:56.673652+00
a1f6938e-458f-412b-8d36-c5d4b399ba9b,มุกดา เขียวเหลือง,****3696,264 ม.1 ต.นาโบสถ์ อ.วังเจ้า จ.ตาก,,,2025-11-29 04:35:54.379584+00,2025-11-29 04:35:54.379584+00
a3e883e9-d4bb-4924-a499-6648bfd22fd4,ธนพร ทรงไซต์ศุภสัน,0808008640,"578/3 ม.4,",16.681897,99.153867,2025-12-02 03:20:29.279799+00,2025-12-02 03:20:29.279799+00
a860a6ba-3ee4-4920-b6a7-b0c2627460f3,ตู๊,0653308993,560 ม.4 นาโบสถ์ วังเจ้า ตาก,16.680188,99.154853,2025-12-02 07:42:32.045964+00,2025-12-02 07:42:32.045964+00
aa23e927-e904-43d6-832a-3a0d77ba24c1,รัชฎา แสนย่าง,0621928707,บ้านเลขที่ 3/1 อำเภอวังเจ้า ตำบลนาโบสถ์ ตาก,,,2025-12-01 03:09:14.00241+00,2025-12-01 03:09:14.00241+00
aa77d7f6-881b-480b-8735-b79fbe2f1055,พัณณิตา พิมแก้ว,8217,บ้านลาดยาว 134 หมู่ 1 ต.นาโบสถ์ ซอยบ้านกงนก วังเจ้า ตาก,16.6783367,99.26559,2025-11-29 04:16:12.466487+00,2025-11-29 04:16:12.466487+00
ab05f163-9c9e-40e4-a170-4226fe9275c1,วีรภัทร,,9/1 หมู่ 5 ตำบลนาโบสถ์  อำเภอวังเจ้า จังหวัดตาก,,,2025-12-02 02:50:08.392543+00,2025-12-02 02:50:08.392543+00
abc2c900-f33c-4ed3-a913-0a992e63974c,สำรวย อนุพันธ์,0862120049,122 หมู่5 บ้านวังตำลึง ต.นาโบสถ์ อ.วังเจ้า จ.ตาก,16.6946117,99.1570667,2025-11-30 04:31:50.493876+00,2025-11-30 04:31:50.493876+00
ac50aabd-8acb-440f-8092-3063193fe87c,ถังทอง,0872011756,128 หมู่ 5 ตำบล นาโบอำเภอวังเจ้า จ.ตาก,,,2025-12-02 02:01:04.08574+00,2025-12-02 02:01:04.08574+00
af08d059-0c6b-4d55-a78c-54915d584eb9,นารินทร์ งอกงามกุญ,8986,208/1หมู่1ต.นาโบสถ์ อ.วังเจ้า จ.ตาก 63000 วังเจ้า ตาก,16.6783367,99.26559,2025-11-29 04:19:42.046054+00,2025-11-29 04:19:42.046054+00
af3f4798-4dbd-4087-bef4-db8146f31117,เชีย แซ่ว่าง 2,0828920788,43 ม 5 ต นาโบสถ์ อ.วังเจ้า จ.ตาก 63180 วังเจ้า ตาก,16.70043,99.1574583,2025-12-02 10:04:00.30431+00,2025-12-02 10:04:00.30431+00
b1372851-c4c1-4c68-bcc1-fdf7437403ce,มโนชา แซ่ม้า,0649480127,ตาก,16.681096,99.155594,2025-12-02 03:51:15.391968+00,2025-12-02 03:51:15.391968+00
b380ab2b-ab5c-4d81-86ab-283a416508ea,มะลิ ย่างมั่นคง,0618652722,642 ม.4 ต. นาโบสถ์ วังเจ้า จ.ตาก,16.67822,99.155016,2025-12-02 02:56:57.871203+00,2025-12-02 02:56:57.871203+00
b6a9c730-ae77-44a4-9b31-ce3b6934bdc1,กันตพงศ์,,145 หมู่ 5 บ้านวังตำลึง ตำบล นาโ บสถ์ อำเภอ วังเจ้า จังหวัดตาก,16.697715,99.159244,2025-12-01 02:40:03.048499+00,2025-12-01 02:40:03.048499+00
b6b1cf36-343c-44f3-8764-6473cf5e6dff,มาลี แซ่ลี,0932841725,208/2 ม.8 ต.เชียงทอง อ.วังเจ้า จ.ตาก,16.675738,99.17077,2025-12-02 03:22:46.974673+00,2025-12-02 03:22:46.974673+00
b8b0665c-ea7b-45d5-baea-0d22e3ce9269,น.ส. ศิลป์ศุภา เกตษกรณ์,,50 ม.5 ต.นาโบสถ์ อ.วังเจ้า จ.ตาก,16.693736,99.158379,2025-12-01 01:41:33.162598+00,2025-12-01 01:41:33.162598+00
b91beafe-8833-4469-87b4-2ff4cfa1c77a,ชญานี แซ่ซ่ง,0930847726,126 หมู่ 5 ต.นาโบสถ์ อ.วังเจ้า จ.ตาก,16.6977236,99.1587721,2025-12-01 01:38:24.260319+00,2025-12-01 01:38:24.260319+00
bbaf937e-8b33-4a76-b808-a963de6f2908,ป๊อปปี้,****1987,120 หมู่1 บ้านลาดยาว ต.นาโบสถ์ อ.เมือง จ.ตาก,,,2025-11-29 04:35:53.724737+00,2025-11-29 04:35:53.724737+00
bbd34c60-1e4e-4e1f-8529-3509548543c9,กันยกร  แซ่ลี,,208/2 ม.8 ต.เชียงทอง,16.675738,99.17077,2025-12-02 03:24:00.817984+00,2025-12-02 03:24:00.817984+00
be846e62-38a7-45f3-811e-77dd793ec3c8,สมพล สิริสาริกัน,****4760,57 ม.1 ต.นาโบสถ์ อ.วังเจ้า จ.ตาก 63180,,,2025-11-29 04:35:54.158706+00,2025-11-29 04:35:54.158706+00
beb32761-07fa-434a-8be3-f769f2f00feb,ปวีณา แสนย่าง,*316202,127 หมู่5 ต.นาโบสถ์ อ.วังเจ้า จ.ตาก,,,2025-11-30 04:31:53.924584+00,2025-11-30 04:31:53.924584+00
bf18f48a-a861-42ce-a934-5e61e02d7977,อาทิตยา แสงท้าว,0844926268,38 หมู่5 บ้านวังตำลึง ต.นาโบสถ์ อ.วังเจ้า จ.ตาก,16.694035,99.1593383,2025-11-30 04:31:46.721735+00,2025-11-30 04:31:46.721735+00
bff935c4-6747-4e95-adc1-8cbf41714e67,นางสาว ศิริวรรณ ทวี…,0927131646,34/3 ม.5 ต.นาโบสถ์ อ.วังเจ้า จ.ตาก,16.691927,99.160885,2025-11-30 04:31:53.213205+00,2025-11-30 04:31:53.213205+00
c0598538-fefe-4d1d-add8-27c71941a9c3,เนม,8732,"วัดลาดยาว, 1110 โทรก่อนถึงวัด30นาที วังเจ้า ตาก",16.6783367,99.26559,2025-11-29 04:18:58.846516+00,2025-11-29 04:18:58.846516+00
c159c06d-51c3-4cb1-bd9f-9a1fc1049ea3,เวียงพิงค์,0816549177,"67 ม.4 ต.นาโบสถ์, วังเจ้า, ตาก, 63180",16.6809883,99.156885,2025-12-02 03:19:26.346326+00,2025-12-02 03:19:26.346326+00
c4e73242-fdda-42c0-b531-9244951ab76f,กัญณา ตาวงษ์,0945456599,68/1 ม.4 นาโบสถ์ วังเจ้า ตาก 63180,,,2025-12-02 03:00:24.083446+00,2025-12-02 03:00:24.083446+00
c585991c-c2ce-4961-8b91-525d3fc77b75,สมพงษ์ เพชร์ไทย,1141,204 ม.1 ต.นาโบสถ์ อ.วังเจ้า จ.ตาก 63180,16.684408,99.1830096,2025-11-29 04:35:57.989958+00,2025-11-29 04:35:57.989958+00
c68ec2a2-b8ca-4c86-865b-4941f84f4b2c,อนุรักษ์ อินนอย,****7107,หน้าวัดลาดยาว ต.นาโบสถ์ อ.วังเจ้า จ.ตาก 63180,,,2025-11-29 04:35:56.4709+00,2025-11-29 04:35:56.4709+00
c79706ff-4e22-41ad-948e-644f78bfe204,ยุพิน อิ๋มทอง,8931-0028,41/1 หมู่1 ต.นาโบสถ์ อ.วังเจ้า จ.ตาก 63180,,,2025-11-29 04:35:56.041303+00,2025-11-29 04:35:56.041303+00
c835f3a0-ed5f-4593-a70f-7435b589d38e,รัตนาภรณ์ คงป้อม,,ร้านป้าจ๊ะ หลังรร บ้านวังตำลึง 2/1 ม.5 ต.นาโบสถ์ วังเจ้าตาก,16.696232,99.157724,2025-12-01 02:41:49.888721+00,2025-12-01 02:41:49.888721+00
c93670be-81c1-403d-9b78-5e71e4a22660,ประไพ ทวีทรัพย์ล้ำเลิศ,0615070680,25/1 หมู่5 ต.นาโบสถ์ อ.วังเจ้า จ.ตาก,16.694794,99.1614432,2025-11-30 04:31:51.770693+00,2025-11-30 04:31:51.770693+00
cbe7fb39-7bf9-4b90-ac81-f79c9c431c4e,คำมี แซ่ท่อ,0806481861,"ตำบล นาโบสถ์ ,630 วังเจ้าตาก",16.680876,99.15684,2025-12-02 03:06:31.843691+00,2025-12-02 03:06:31.843691+00
cbf1975e-f0c1-484e-9650-b1168d9cf3b0,รัตนา ปรางทอง,****4874,183 ม.1 ต.นาโบสถ์ อ.วังเจ้า จ.ตาก,,,2025-11-29 04:35:56.279134+00,2025-11-29 04:35:56.279134+00
ce2f2c9e-f8b2-402b-9fa3-90fd61e84a65,ใจ แซ่สง,0613034044,378/2 หมู่ 4 ต นาโบสถ์ อ.วังเจ้า จ.ตาก,16.6803767,99.1465133,2025-12-02 03:01:01.3192+00,2025-12-02 03:01:01.3192+00
ce7dba99-b1aa-4398-b249-981263b443fc,น.ส.อรนุช ดีธนากุล,0863351579,11/1 ม.5 ต.นาโบสถ์ อ.วังเจ้า จ.ตาก,16.695252,99.160622,2025-11-30 04:31:51.896743+00,2025-11-30 04:31:51.896743+00
cf277c00-806e-4466-8091-df37d56ca10c,ไหม,0932977644,"671 หมู่ 4, ไม่มี",16.680537,99.156685,2025-12-02 03:08:12.077045+00,2025-12-02 03:08:12.077045+00
cf32050b-d21e-4948-bb86-478e79c76780,พิมพ์วดี,0622487053,124/1 หมู่5 บ้านวังตำลึง ต.นาโบสถ์ อ.วังเจ้า จ.ตาก 63800,16.697883,99.158632,2025-11-30 04:31:46.849452+00,2025-11-30 04:31:46.849452+00
d0d4f789-db5c-4f0b-a18d-9a04fdcc22dd,ยุพา แซ่ลี้,****1845,หมู่1 คลองยายเฒ่า ต.นาโบสถ์ อ.วังเจ้า จ.ตาก 63000,16.716495,99.162436,2025-11-29 04:35:55.225557+00,2025-11-29 04:35:55.225557+00
d3816edf-ec97-42e5-8616-cac1cb2326b7,วีรกุล แสงท้าว,0828936190,2 ม.5 อ.วังเจ้า ต.นาโบสถ์ จ.ตาก,16.6954312,99.1597858,2025-12-02 02:06:53.007273+00,2025-12-02 02:06:53.007273+00
d4352dab-7ddf-444b-bc32-79f931974987,นภา เจริญผลิตผล,****8256,9/7 ม.5 อ.วังเจ้า จ.ตาก,16.697378,99.15788,2025-11-30 04:31:44.746343+00,2025-11-30 04:31:44.746343+00
d5b8acdf-4b6b-40d6-aaa7-79df97de71d3,จันทร์เพ็ญ สร้างน้อย ครูหนู,,ศูนย์เด็กเล็กบ้านนาโบสถ์ 4 บ้านนาโบสถ์ ตำบลนาโบสถ์,,,2025-12-02 02:11:36.359359+00,2025-12-02 02:11:36.359359+00
dbcc7e7e-8ec9-475c-88a1-c3c6063ca6b5,น.ส.สุวรา ทวีทรัพย์ล้ำเลิศ,0630108295,14/2 หมู่5 ต.นาโบสถ์ อ.วังเจ้า จ.ตาก,16.696004,99.160624,2025-11-30 04:31:51.132968+00,2025-11-30 04:31:51.132968+00
dcaeca90-40cc-431b-9b56-961a8ef35533,ณัฐณิชา ทวีทรัพย์ล้ำเลิศ,,81/1 วิ่งตำลึง ตำบลนาโบสถ์ อำเภอวังเจ้า โรงเรียนบ้านวังตำลึง วังเจ้า ตาก,,,2025-12-02 02:03:39.107067+00,2025-12-02 02:03:39.107067+00
dec16587-ea27-4753-8eda-1e80e0a55b8f,อังควิภา,0656535753,9/8 ม.5 ต.นาโบสถ์ อ.วังเจ้า จ.ตาก,16.697089,99.157909,2025-11-30 04:31:47.274078+00,2025-11-30 04:31:47.274078+00
e008c4dc-a3dd-464c-82ac-9788ceee5327,หลงหม่า,0621902975,52/1 หมู่5 ต.นาโบสถ์ อ.วังเจ้า จ.ตาก,16.6955067,99.15748,2025-11-30 04:31:50.373566+00,2025-11-30 04:31:50.373566+00
e40aba4a-c660-44f8-a0da-8063ea3fca45,วิรภัทร,0849807616,9/1 หมู่ 5 ตำบลนาโบสถ์ เภอวังเจ้า จังหวัดตาก,16.69542,99.1631233,2025-12-02 02:12:43.833489+00,2025-12-02 02:12:43.833489+00
e58dbb0e-6388-4a48-8275-7c2cdc25cc43,พรยมล อย่างพอเพียง,061 453 3278,"69/2 หมู่ 5, บ้านทางไปวงทอง วังเจ้า ตาก",16.693677,99.158951,2025-12-02 01:59:27.646036+00,2025-12-02 01:59:27.646036+00
e62dba77-8c2c-4543-aa12-9652b955d820,นาง สุรินทร์ ชัยชูโชติ,****7052,171 หมู่1 ต.นาโบสถ์ อ.วังเจ้า จ.ตาก,16.704397,99.182626,2025-11-29 04:35:51.787013+00,2025-11-29 04:35:51.787013+00
e663f326-e0d3-448a-b776-70be3c8b86f3,รัตนา แสงท้าว,0654418655,26 ม.5 ต.นาโบสถ์ อ.วังเจ้า จ.ตาก,,,2025-12-01 02:35:14.020896+00,2025-12-01 02:35:14.020896+00
e6939085-0d47-423b-a52c-a03f2fa3613e,สุภัสสรา ธูปทอง,0969,9/9 หมู่1 ต.นาโบสถ์ อ.วังเจ้า จ.ตาก,16.7013367,99.1699517,2025-11-29 04:35:52.584091+00,2025-11-29 04:35:52.584091+00
e805addd-53b7-4ad5-abb7-e0587fd2196a,น.ส.กนกวรรณ แซ่กือ,0929914896,603/1 หมู่ 4 บ้านวังทอง นาโบสถ์ อ.วังเจ้า จ.ตาก,16.68077,99.1577283,2025-12-01 03:00:06.35363+00,2025-12-01 03:00:06.35363+00
e88045e2-5640-4713-9d52-782014b0ce7f,ปาริชาติ,****0696,หมู่1 คลองยายเฒ่า ต.นาโบสถ์ อ.วังเจ้า จ.ตาก,16.716424,99.16234,2025-11-29 04:35:55.423877+00,2025-11-29 04:35:55.423877+00
e8a1220b-0b27-49e9-bf61-17b37f6fc27b,ดาด้า,0929734916,9/2 ม.5 นาโบสถ์ วังเจ้า ตาก 63000,16.695829,99.161229,2025-12-01 01:35:51.444169+00,2025-12-01 01:35:51.444169+00
ed09eee0-9a90-4a04-9a1c-6ff3bd0c55c2,สมคิด,0652879579,162 ม.5 ต.นาโบสถ์ อ.วังเจ้า จ.ตาก 63180,16.6981283,99.158285,2025-11-30 04:31:54.175407+00,2025-11-30 04:31:54.175407+00
ede0955e-abab-4f33-bc10-fb023854a7f2,คุณ พิบูรณ์,0973088633,36/1 หมู่5 บ้านวังตำลึง ต.นาโบสถ์ อ.วังเจ้า จ.ตาก,16.695258,99.159903,2025-11-30 04:31:50.736586+00,2025-11-30 04:31:50.736586+00
f009fdbf-0f07-4736-929a-c62ff572db69,แก้วมณี ทองอ่ำ,0882626922,โรงเรียนบ้านวังตำลึง ม.5 ต.นาโบสถ์ อ.วังเจ้า จ.ตาก,16.695618,99.158753,2025-11-30 04:31:45.09617+00,2025-11-30 04:31:45.09617+00
f00b3b36-1abe-4bca-9f1a-02e78490a135,นางสาวจารุวรรณ อย่างรุ่งโรจน์เชิด,0956258303,563/2 หมู่ 4 ต.นาโบสถ์ บ้านวัง ทอง ซอย 1 ตรงข้ามกับร้านค้า,16.680397,99.154,2025-12-02 03:15:37.245734+00,2025-12-02 03:15:37.245734+00
f04dcb8d-476c-41d8-ab3f-8bb64fd67d7b,ชลัมพร แซ่ซ้ง,0988602789,"142 หมู่ 5 ต.นาโบสถ์ อ.วังเจ้า จ.ตาก 63180, หลังโรงเรียนบ้านวังตำลึง",16.697568,99.158019,2025-12-01 01:36:50.007818+00,2025-12-01 01:36:50.007818+00
f0ad9b7f-0656-4663-97ab-732d3d33c1b0,ด.ญ.วิภาวี ทวีทรัพย์,0936532889,โรงเรียนบ้านวังตำลึง ต.นาโบสถ์ อ.วังเจ้า จ.ตาก,16.692935,99.157496,2025-11-30 04:31:53.677638+00,2025-11-30 04:31:53.677638+00
f261c291-1a7b-4f21-beb4-15d2ff67e79e,ประภาพร พัฒนสมพงษ์,0996460500,โรงเรียนบ้านวังตำลึง หมู่5 ต.นาโบสถ์ วังเจ้า ตาก 63180,16.695715,99.158699,2025-12-01 02:50:16.214442+00,2025-12-01 02:50:16.214442+00
f425df04-01b4-49da-a8b2-df83f1e623a8,ชุติกาญจน์ แซ่ซ่ง,,636 หมู่ 4 ต.นาโบสถ์ บ้านอยู่ท้ายหมู่บ้านวังทอง วังเจ้าตาก,,,2025-12-02 02:59:11.171086+00,2025-12-02 02:59:11.171086+00
f8c060ff-de44-4cce-8634-e1c4dc0c8ddf,เพียงฝัน รุ่งโรจน์,0631620427,624/1 ม.4วังทอง ต.นาโบส ถ์ อ.วังเจ้า จ.ตาก 63180,16.678675,99.149314,2025-12-02 03:14:53.039356+00,2025-12-02 03:14:53.039356+00
fa0ceb87-31ec-43e7-9be9-0cd543e384fe,สปาย,0862101509,11/1 ม.5 บ้านวังตำลึง ต.นาโบสถ์ อ.วังเจ้า จ.ตาก 63000,16.69527,99.1605917,2025-11-30 04:31:52.050094+00,2025-11-30 04:31:52.050094+00